ID,First,Last,Birthday
1000000,John0,Doe0,2000-02-01 00:00:00
1000001,John1,Doe1,2000-02-02 00:00:00
1000002,John2,Doe2,2000-02-03 00:00:00
1000003,John3,Doe3,2000-02-04 00:00:00
1000004,John4,Doe4,2000-02-05 00:00:00
1000005,John5,Doe5,2000-02-06 00:00:00
1000006,John6,Doe6,2000-02-07 00:00:00
1000007,John7,Doe7,2000-02-08 00:00:00
1000008,John8,Doe8,2000-02-09 00:00:00
1000009,John9,Doe9,2000-02-10 00:00:00
1000010,John10,Doe10,2000-02-11 00:00:00
1000011,John11,Doe11,2000-02-12 00:00:00
1000012,John12,Doe12,2000-02-13 00:00:00
1000013,John13,Doe13,2000-02-14 00:00:00
1000014,John14,Doe14,2000-02-15 00:00:00
1000015,John15,Doe15,2000-02-16 00:00:00
1000016,John16,Doe16,2000-02-17 00:00:00
1000017,John17,Doe17,2000-02-18 00:00:00
1000018,John18,Doe18,2000-02-19 00:00:00
1000019,John19,Doe19,2000-02-20 00:00:00
1000020,John20,Doe20,2000-02-21 00:00:00
1000021,John21,Doe21,2000-02-22 00:00:00
1000022,John22,Doe22,2000-02-23 00:00:00
1000023,John23,Doe23,2000-02-24 00:00:00
1000024,John24,Doe24,2000-02-25 00:00:00
1000025,John25,Doe25,2000-02-26 00:00:00
1000026,John26,Doe26,2000-02-27 00:00:00
1000027,John27,Doe27,2000-02-28 00:00:00
1000028,John28,Doe28,2000-02-29 00:00:00
1000029,John29,Doe29,2000-03-01 00:00:00
1000030,John30,Doe30,2000-03-02 00:00:00
1000031,John31,Doe31,2000-03-03 00:00:00
1000032,John32,Doe32,2000-03-04 00:00:00
1000033,John33,Doe33,2000-03-05 00:00:00
1000034,John34,Doe34,2000-03-06 00:00:00
1000035,John35,Doe35,2000-03-07 00:00:00
1000036,John36,Doe36,2000-03-08 00:00:00
1000037,John37,Doe37,2000-03-09 00:00:00
1000038,John38,Doe38,2000-03-10 00:00:00
1000039,John39,Doe39,2000-03-11 00:00:00
1000040,John40,Doe40,2000-03-12 00:00:00
1000041,John41,Doe41,2000-03-13 00:00:00
1000042,John42,Doe42,2000-03-14 00:00:00
1000043,John43,Doe43,2000-03-15 00:00:00
1000044,John44,Doe44,2000-03-16 00:00:00
1000045,John45,Doe45,2000-03-17 00:00:00
1000046,John46,Doe46,2000-03-18 00:00:00
1000047,John47,Doe47,2000-03-19 00:00:00
1000048,John48,Doe48,2000-03-20 00:00:00
1000049,John49,Doe49,2000-03-21 00:00:00
1000050,John50,Doe50,2000-03-22 00:00:00
1000051,John51,Doe51,2000-03-23 00:00:00
1000052,John52,Doe52,2000-03-24 00:00:00
1000053,John53,Doe53,2000-03-25 00:00:00
1000054,John54,Doe54,2000-03-26 00:00:00
1000055,John55,Doe55,2000-03-27 00:00:00
1000056,John56,Doe56,2000-03-28 00:00:00
1000057,John57,Doe57,2000-03-29 00:00:00
1000058,John58,Doe58,2000-03-30 00:00:00
1000059,John59,Doe59,2000-03-31 00:00:00
1000060,John60,Doe60,2000-04-01 00:00:00
1000061,John61,Doe61,2000-04-02 00:00:00
1000062,John62,Doe62,2000-04-03 00:00:00
1000063,John63,Doe63,2000-04-04 00:00:00
1000064,John64,Doe64,2000-04-05 00:00:00
1000065,John65,Doe65,2000-04-06 00:00:00
1000066,John66,Doe66,2000-04-07 00:00:00
1000067,John67,Doe67,2000-04-08 00:00:00
1000068,John68,Doe68,2000-04-09 00:00:00
1000069,John69,Doe69,2000-04-10 00:00:00
1000070,John70,Doe70,2000-04-11 00:00:00
1000071,John71,Doe71,2000-04-12 00:00:00
1000072,John72,Doe72,2000-04-13 00:00:00
1000073,John73,Doe73,2000-04-14 00:00:00
1000074,John74,Doe74,2000-04-15 00:00:00
1000075,John75,Doe75,2000-04-16 00:00:00
1000076,John76,Doe76,2000-04-17 00:00:00
1000077,John77,Doe77,2000-04-18 00:00:00
1000078,John78,Doe78,2000-04-19 00:00:00
1000079,John79,Doe79,2000-04-20 00:00:00
1000080,John80,Doe80,2000-04-21 00:00:00
1000081,John81,Doe81,2000-04-22 00:00:00
1000082,John82,Doe82,2000-04-23 00:00:00
1000083,John83,Doe83,2000-04-24 00:00:00
1000084,John84,Doe84,2000-04-25 00:00:00
1000085,John85,Doe85,2000-04-26 00:00:00
1000086,John86,Doe86,2000-04-27 00:00:00
1000087,John87,Doe87,2000-04-28 00:00:00
1000088,John88,Doe88,2000-04-29 00:00:00
1000089,John89,Doe89,2000-04-30 00:00:00
1000090,John90,Doe90,2000-05-01 00:00:00
1000091,John91,Doe91,2000-05-02 00:00:00
1000092,John92,Doe92,2000-05-03 00:00:00
1000093,John93,Doe93,2000-05-04 00:00:00
1000094,John94,Doe94,2000-05-05 00:00:00
1000095,John95,Doe95,2000-05-06 00:00:00
1000096,John96,Doe96,2000-05-07 00:00:00
1000097,John97,Doe97,2000-05-08 00:00:00
1000098,John98,Doe98,2000-05-09 00:00:00
1000099,John99,Doe99,2000-05-10 00:00:00
